Profile ID,Date,Timestamp,Message,Sender,Quoted Text,Quoted User
Paumnr23,null,null,"Done  RTxRT or Refresh  !! NO FAKE
(I always check)

My link: https://x.com/AlyssaTs99152/status/1900113844581593378/video/1…

Send me your link",sent by me,,
Paumnr23,2025-03-13,null,"Done  RTxRT or Refresh  !! NO FAKE
(I always check)

My link: https://x.com/AlyssaTs99152/status/1900113844581593378/video/1…

Send me your link",sent by me,,
Paumnr23,2025-03-13,null,"Done  RTxRT or Refresh  !! NO FAKE
(I always check)

My link: https://x.com/AlyssaTs99152/status/1900838645130555466/video/1…

Send me your link",sent by me,,
Paumnr23,2025-03-13,2025-03-13T12:18:22.000Z,"Tell me how you’d handle me… I'm listening  https://pic.x.com/PE8QBTp4rE",sent by user,"Tell me how you’d handle me… I'm listening  https://pic.x.com/PE8QBTp4rE","GODDESSPAULA86K@Paumnr23·Mar 13"
Paumnr23,2025-03-13,2025-03-13T12:18:22.000Z,"Tell me how you’d handle me… I'm listening  https://pic.x.com/PE8QBTp4rE",sent by user,"Tell me how you’d handle me… I'm listening  https://pic.x.com/PE8QBTp4rE","GODDESSPAULA86K@Paumnr23·Mar 13"
Paumnr23,2025-03-17,2025-03-17T12:02:25.000Z,"If I told you I was thinking of you, what would you do?  https://pic.x.com/3IAAC1iJ1Z",sent by user,"If I told you I was thinking of you, what would you do?  https://pic.x.com/3IAAC1iJ1Z","GODDESSPAULA86K@Paumnr23·Mar 17"
Paumnr23,2025-04-03,2025-04-03T12:02:37.000Z,"Don’t just stare… come make me forget my own name  https://pic.x.com/w4JFDcYq9C",sent by user,"Don’t just stare… come make me forget my own name  https://pic.x.com/w4JFDcYq9C","GODDESSPAULA86K@Paumnr23·Apr 3"
Paumnr23,2025-04-07,2025-04-07T12:13:19.000Z,"This is your sign to stop scrolling and pay attention to me  https://pic.x.com/cTJcXssLDT",sent by user,"This is your sign to stop scrolling and pay attention to me  https://pic.x.com/cTJcXssLDT","GODDESSPAULA86K@Paumnr23·3h"
FIluminada56376,null,null,"https://x.com/zamoutou/status/1899653801860293046…   诚信互推",sent by user,,
FIluminada56376,2025-03-15,null,"",sent by user,,
FIluminada56376,2025-03-15,null,"https://x.com/zamoutou/status/1902186887932223845…  互推",sent by user,,
FIluminada56376,2025-03-15,null,"Done  RTxRT or Refresh  !! NO FAKE
      (I always check)

      my link: 
      Send me your link
      Managed by @OrcaSocials_
      International Marketing Company
      More than 4 Millions users on our network",sent by me,,
FIluminada56376,2025-03-15,null,"https://x.com/zamoutou/status/1904350519919026212…  互推",sent by user,,
FIluminada56376,2025-03-15,null,"https://x.com/zamoutou/status/1904350519919026212…  互推",sent by user,,
FIluminada56376,2025-03-15,2025-03-15T01:59:55.000Z,"真心想找固炮  不是付費！      
互不打擾彼此生活  大膽一點私訊我     
可以接受無套內射  看到都會回復   
#處男學生軍人優先大叔單人也可約 
#主頁鏈接加賴約我",sent by user,"真心想找固炮  不是付費！      
互不打擾彼此生活  大膽一點私訊我     
可以接受無套內射  看到都會回復   
#處男學生軍人優先大叔單人也可約 
#主頁鏈接加賴約我","涵涵@kowal5pl·Mar 15"
FIluminada56376,2025-03-25,null,"https://x.com/zamoutou/status/1904350519919026212…  互推",sent by user,,
FIluminada56376,2025-03-25,2025-03-25T17:50:22.000Z,"Chudai",sent by me,"Chudai","Thalita @thangelie·Mar 25"
FIluminada56376,2025-03-26,null,"https://x.com/zamoutou/status/1904350519919026212…  互推",sent by user,,
FIluminada56376,2025-03-26,2025-03-26T09:06:46.000Z,"Let’s get closer than ever. Are you ready?  https://pic.x.com/bGKV4E2Tbi",sent by me,"Let’s get closer than ever. Are you ready?  https://pic.x.com/bGKV4E2Tbi","Yessica Doll @yessicadoll·Mar 26"
FIluminada56376,2025-04-07,2025-04-07T02:43:00.000Z,"真心想找固炮  不是付費！         
互不打擾彼此生活  大膽一點私訊我        
可以接受無套內射  看到都會回復      
#處男學生軍人優先大叔單人也可約 
#主頁鏈接加賴約我",sent by user,"真心想找固炮  不是付費！         
互不打擾彼此生活  大膽一點私訊我        
可以接受無套內射  看到都會回復      
#處男學生軍人優先大叔單人也可約 
#主頁鏈接加賴約我","曉涵@zamoutou·13h"
helen6384493852,2025-03-19,2025-03-19T08:30:27.000Z,"真空見瑟友

#肉絲",sent by user,"真空見瑟友

#肉絲","小晴天@SaraRosari44561·Mar 19"
helen6384493852,2025-03-23,2025-03-23T08:12:17.000Z,"wataa 

https://onlyfans.com/stacyreganx/c21 https://pic.x.com/6ht2e3uP3j",sent by me,"wataa 

https://onlyfans.com/stacyreganx/c21 https://pic.x.com/6ht2e3uP3j","𝓢𝓽𝓪𝓬𝔂 𝓡𝓮𝓰𝓪𝓷@stacyregants·Mar 23"
helen6384493852,2025-03-25,2025-03-25T01:34:31.000Z,"Would you be a good boy for me? 

https://linktr.ee/paigewrightts",sent by me,"Would you be a good boy for me? 

https://linktr.ee/paigewrightts","Paige Wright @PaigeWrightTS·Mar 25"
helen6384493852,2025-03-25,2025-03-25T03:42:25.000Z,"请叫我女上位战神
你能坚持多久
可以坚持6分钟以上追随我我来密你     
想要肉棒粗粗的呢 
单身  大叔  弟弟  长期固炮来
#长期固炮 #后入 #未成年勿扰",sent by user,"请叫我女上位战神
你能坚持多久
可以坚持6分钟以上追随我我来密你     
想要肉棒粗粗的呢 
单身  大叔  弟弟  长期固炮来
#长期固炮 #后入 #未成年勿扰","茜悅悅悅~@Michell48524967·Mar 25"
helen6384493852,2025-03-29,2025-03-29T03:13:21.000Z,"那麼用力的幹我
輕一點嘛
不是說會對我溫柔
感覺穴穴全部被塞滿
又痛又爽 要被玩壞掉了
感覺隔壁都能聽到我的聲音
#長期固炮 #非誠勿擾 #未成年勿擾",sent by user,"那麼用力的幹我
輕一點嘛
不是說會對我溫柔
感覺穴穴全部被塞滿
又痛又爽 要被玩壞掉了
感覺隔壁都能聽到我的聲音
#長期固炮 #非誠勿擾 #未成年勿擾","依艷@CandyPok36642·Mar 29"
helen6384493852,2025-03-30,2025-03-30T08:57:29.000Z,"有沒有想挑戰被這樣口十分鐘？？？

留言報名哦

口嗨的走開好嗎",sent by user,"有沒有想挑戰被這樣口十分鐘？？？

留言報名哦

口嗨的走開好嗎","Lisa@Furtivec8qz·Mar 30"
helen6384493852,2025-04-07,2025-04-07T13:04:07.000Z,"徵固炮  感覺約不影響家庭生活和工作 可以長期保持私密聯絡  
   前戲久 會配合",sent by user,"徵固炮  感覺約不影響家庭生活和工作 可以長期保持私密聯絡  
   前戲久 會配合","檸檬@TiffanyWar45371·3h"
SusannaMag66764,null,null,"https://Twitter.com/KimberlyLa20700/status/1898952964217491568… 互推點心 有推必回",sent by user,,
SusannaMag66764,2025-04-03,null,"Done  RTxRT or Refresh  !! NO FAKE
    (I always check)
    
    Send me your link
    Managed by @OrcaSocials_
    International Marketing Company
    More than 4 Millions users on our network",sent by me,,
SusannaMag66764,2025-04-03,2025-04-03T08:14:14.000Z,"獨自在家看影片
看到女主被幹到翻白眼
感覺這樣好爽啊
自己用手指直接在我的陰唇處翻弄
在陰核上一下細力一下大力的掐著玩
令我的淫水更不斷的湧出來
真的超懷念肉棒插入的感覺",sent by user,"獨自在家看影片
看到女主被幹到翻白眼
感覺這樣好爽啊
自己用手指直接在我的陰唇處翻弄
在陰核上一下細力一下大力的掐著玩
令我的淫水更不斷的湧出來
真的超懷念肉棒插入的感覺","婉婉@AlyssaHern87844·Apr 3"
SusannaMag66764,2025-03-23,2025-03-23T08:12:17.000Z,"wataa 

https://onlyfans.com/stacyreganx/c21 https://pic.x.com/6ht2e3uP3j",sent by me,"wataa 

https://onlyfans.com/stacyreganx/c21 https://pic.x.com/6ht2e3uP3j","𝓢𝓽𝓪𝓬𝔂 𝓡𝓮𝓰𝓪𝓷@stacyregants·Mar 23"
SusannaMag66764,2025-03-27,2025-03-27T12:36:46.000Z,"體力超好的健身哥哥
背後插入直接頂到子宮欸 
被頂到忍不住抽搐 超級爽~ 
每次都讓我特別容易高潮
這種被塞滿頂到的快感最讓人招架不住了
#約會找固炮 #高潮噴水 #後入小穴 #約會私訊",sent by user,"體力超好的健身哥哥
背後插入直接頂到子宮欸 
被頂到忍不住抽搐 超級爽~ 
每次都讓我特別容易高潮
這種被塞滿頂到的快感最讓人招架不住了
#約會找固炮 #高潮噴水 #後入小穴 #約會私訊","薇薇| 研究生在讀@Michell60524533·Mar 27"
SusannaMag66764,2025-03-29,2025-03-29T08:30:49.000Z,"急需一位單男…  
有沒有28歲以上的小哥哥呀 
真的很想找一個長期的固定 
感覺之前的固炮能帶給我前所未有的感覺
哥哥說很久沒有愛愛了 前戲都沒有直接就開始 
真的幹的人家好爽 可是不能長久約欸 
多希望固炮可以不要出國 還有點懷念呢 
Po文紀念一下吧 #私訊 #找固炮 #轉推優先回覆",sent by user,"急需一位單男…  
有沒有28歲以上的小哥哥呀 
真的很想找一個長期的固定 
感覺之前的固炮能帶給我前所未有的感覺
哥哥說很久沒有愛愛了 前戲都沒有直接就開始 
真的幹的人家好爽 可是不能長久約欸 
多希望固炮可以不要出國 還有點懷念呢 
Po文紀念一下吧 #私訊 #找固炮 #轉推優先回覆","Catty~Wei@Kimberl53091140·Mar 29"
SusannaMag66764,2025-04-02,2025-04-02T12:05:38.000Z,"啊 興奮到模糊！！  
被30歲的小哥哥強制後入  
被頂到忍不住抽搐 真的有爽到耶
還有沒有性慾大體力好的哥哥要約呀  
很想試試火車便當可以滿足我的優先喔~  
#約會找固炮 #後入很深我很敏感 #點心轉推優先回復 #約愛愛 #私訊報名約會",sent by user,"啊 興奮到模糊！！  
被30歲的小哥哥強制後入  
被頂到忍不住抽搐 真的有爽到耶
還有沒有性慾大體力好的哥哥要約呀  
很想試試火車便當可以滿足我的優先喔~  
#約會找固炮 #後入很深我很敏感 #點心轉推優先回復 #約愛愛 #私訊報名約會","Catty~Wei@Kimberl53091140·Apr 2"
snajisbska55089,2025-03-28,2025-03-28T11:11:21.000Z,"推特有沒有真人呀 
好想要愛愛呀 
真的不想要自己玩啦 
尋找一個長期固炮喔 
醜點也沒沒事的呀 
只要哥哥性慾和我一樣強就可以啦 
#找固炮  #愛愛 #轉推跟隨優先回復哦  #可無套 #可內射 #跟隨私訊報名",sent by user,"推特有沒有真人呀 
好想要愛愛呀 
真的不想要自己玩啦 
尋找一個長期固炮喔 
醜點也沒沒事的呀 
只要哥哥性慾和我一樣強就可以啦 
#找固炮  #愛愛 #轉推跟隨優先回復哦  #可無套 #可內射 #跟隨私訊報名","婉婉@Dinumeratqoui·Mar 28"
snajisbska55089,2025-03-28,2025-03-28T11:11:21.000Z,"推特有沒有真人呀 
好想要愛愛呀 
真的不想要自己玩啦 
尋找一個長期固炮喔 
醜點也沒沒事的呀 
只要哥哥性慾和我一樣強就可以啦 
#找固炮  #愛愛 #轉推跟隨優先回復哦  #可無套 #可內射 #跟隨私訊報名",sent by user,"推特有沒有真人呀 
好想要愛愛呀 
真的不想要自己玩啦 
尋找一個長期固炮喔 
醜點也沒沒事的呀 
只要哥哥性慾和我一樣強就可以啦 
#找固炮  #愛愛 #轉推跟隨優先回復哦  #可無套 #可內射 #跟隨私訊報名","婉婉@Dinumeratqoui·Mar 28"
snajisbska55089,2025-03-31,2025-03-31T10:25:29.000Z,"洗完澡 
好無聊
翻到和之前的固炮的愛愛視頻啦 
好想要找個長期固炮喔 
有沒有哥哥約呀 醜點也沒事的呀 
不要影響家庭生活和工作
可以撐起保持私密聯絡 
愛愛前戲久一點  會配合
不在乎外表 但是希望用心和身體陪我
要有禮貌 溫柔一點喔  嘴炮就不要找我了喔 
#找固炮  #愛愛 #可無套 #可內射
#私訊",sent by user,"洗完澡 
好無聊
翻到和之前的固炮的愛愛視頻啦 
好想要找個長期固炮喔 
有沒有哥哥約呀 醜點也沒事的呀 
不要影響家庭生活和工作
可以撐起保持私密聯絡 
愛愛前戲久一點  會配合
不在乎外表 但是希望用心和身體陪我
要有禮貌 溫柔一點喔  嘴炮就不要找我了喔 
#找固炮  #愛愛 #可無套 #可內射
#私訊","安妮@DumafKibeaf15·Mar 31"
snajisbska55089,2025-04-03,2025-04-03T13:31:46.000Z,"自己摸真的很癢
想找一個可以長期固定
願意幫我舔小穴的
不看臉 不是外貌協會的啦 
私訊我喔
#愛愛  #找固炮 #私訊報名約會唷  #可無套
#可內射 #跟隨私訊告訴我",sent by user,"自己摸真的很癢
想找一個可以長期固定
願意幫我舔小穴的
不看臉 不是外貌協會的啦 
私訊我喔
#愛愛  #找固炮 #私訊報名約會唷  #可無套
#可內射 #跟隨私訊告訴我","反差佳佳@Kamagraph9ety·Apr 3"
snajisbska55089,2025-04-05,2025-04-05T11:01:31.000Z,"自己摸真的好癢呀 
有沒有哥哥或者弟弟願意幫我舔小穴的呀 
想要找個長期固定的喔 
不看臉 醜點也沒事的喔 
只要和我一樣性慾強就好啦 
私訊我喔

#愛愛追蹤  #找固炮  #私訊報名約會唷  #跟隨私訊告訴我  #轉推跟隨優先蜜你",sent by user,"自己摸真的好癢呀 
有沒有哥哥或者弟弟願意幫我舔小穴的呀 
想要找個長期固定的喔 
不看臉 醜點也沒事的喔 
只要和我一樣性慾強就好啦 
私訊我喔

#愛愛追蹤  #找固炮  #私訊報名約會唷  #跟隨私訊告訴我  #轉推跟隨優先蜜你","桃桃水多多@Banausic8cwx·Apr 5"
snajisbska55089,2025-04-06,2025-04-06T10:17:22.000Z,"感覺玩這個時間長啦
內心也越來約變態了喔
平常的愛愛方式感覺都滿足不了我了呀
昨天晚上自己體驗了一下爆菊真的好舒服喔
被爆菊得到感覺真爽呀  感覺我已經離開不了這裡了 這裡的哥哥真的太會玩啦 好愛 好喜歡喔 
好想要被開發喔 有沒有哥哥想要調教我呀 

#肛交  #爆菊 #找固炮  #想要被調教 #私訊",sent by user,"感覺玩這個時間長啦
內心也越來約變態了喔
平常的愛愛方式感覺都滿足不了我了呀
昨天晚上自己體驗了一下爆菊真的好舒服喔
被爆菊得到感覺真爽呀  感覺我已經離開不了這裡了 這裡的哥哥真的太會玩啦 好愛 好喜歡喔 
好想要被開發喔 有沒有哥哥想要調教我呀 

#肛交  #爆菊 #找固炮  #想要被調教 #私訊","安妮@DumafKibeaf15·Apr 6"
snajisbska55089,2025-04-07,2025-04-07T13:18:31.000Z,"有固砲的不要按姊姊的讚
沒有的可以按哦
姊姊想說做我的砲友   
不要影響家庭生活和工作   
可以撐起保持私密聯絡  
 愛愛前戲久一點 會配合  不在乎外表  
但是希望用心和身體陪我  
要有禮貌並且溫柔一點哦
私訊留言 讓我選一下喔

#找固炮  #愛愛 #d奶 #可無套
#可內射  #私訊報名約會唷",sent by user,"有固砲的不要按姊姊的讚
沒有的可以按哦
姊姊想說做我的砲友   
不要影響家庭生活和工作   
可以撐起保持私密聯絡  
 愛愛前戲久一點 會配合  不在乎外表  
但是希望用心和身體陪我  
要有禮貌並且溫柔一點哦
私訊留言 讓我選一下喔

#找固炮  #愛愛 #d奶 #可無套
#可內射  #私訊報名約會唷","反差佳佳@Kamagraph9ety·2h"
Vincentdionese,2025-03-26,2025-03-26T10:00:06.000Z,"平時和床上真的是兩個人啦
平時真的很清純啦 
但每天晚上洗完澡
躺在床上就變得淫蕩
奶賬的不行 可以來個哥哥幫幫我嗎 
有夠敏感 喜歡舔 
有沒有哥哥約呀 晚上可以看我反差的一面喔  私訊了解喔

#愛愛 #找固炮  #私訊報名約會唷 
#跟隨我報名密我  #轉推優先回復哦",sent by user,"平時和床上真的是兩個人啦
平時真的很清純啦 
但每天晚上洗完澡
躺在床上就變得淫蕩
奶賬的不行 可以來個哥哥幫幫我嗎 
有夠敏感 喜歡舔 
有沒有哥哥約呀 晚上可以看我反差的一面喔  私訊了解喔

#愛愛 #找固炮  #私訊報名約會唷 
#跟隨我報名密我  #轉推優先回復哦","婉婉@Dinumeratqoui·Mar 26"
Vincentdionese,2025-03-28,2025-03-28T11:11:21.000Z,"推特有沒有真人呀 
好想要愛愛呀 
真的不想要自己玩啦 
尋找一個長期固炮喔 
醜點也沒沒事的呀 
只要哥哥性慾和我一樣強就可以啦 
#找固炮  #愛愛 #轉推跟隨優先回復哦  #可無套 #可內射 #跟隨私訊報名",sent by user,"推特有沒有真人呀 
好想要愛愛呀 
真的不想要自己玩啦 
尋找一個長期固炮喔 
醜點也沒沒事的呀 
只要哥哥性慾和我一樣強就可以啦 
#找固炮  #愛愛 #轉推跟隨優先回復哦  #可無套 #可內射 #跟隨私訊報名","婉婉@Dinumeratqoui·Mar 28"
Vincentdionese,2025-03-31,2025-03-31T10:14:13.000Z,"約會！約會！約會！約會！約會！約會！ 
真的不想要自己玩啦
不援交 不收費 
不用負責 不是假賬 
不是機器人 不是茶莊  
要求： 房費AA 有禮貌 乾淨衛生 8公分以上 一晚上能來兩次  
報名+111
#找固炮  #留言優先回復  #可無套 #可內射 #伴侶那樣愛愛 #跟隨我報名密我",sent by user,"約會！約會！約會！約會！約會！約會！ 
真的不想要自己玩啦
不援交 不收費 
不用負責 不是假賬 
不是機器人 不是茶莊  
要求： 房費AA 有禮貌 乾淨衛生 8公分以上 一晚上能來兩次  
報名+111
#找固炮  #留言優先回復  #可無套 #可內射 #伴侶那樣愛愛 #跟隨我報名密我","婉婉@Dinumeratqoui·Mar 31"
Vincentdionese,2025-04-03,2025-04-03T13:31:46.000Z,"自己摸真的很癢
想找一個可以長期固定
願意幫我舔小穴的
不看臉 不是外貌協會的啦 
私訊我喔
#愛愛  #找固炮 #私訊報名約會唷  #可無套
#可內射 #跟隨私訊告訴我",sent by user,"自己摸真的很癢
想找一個可以長期固定
願意幫我舔小穴的
不看臉 不是外貌協會的啦 
私訊我喔
#愛愛  #找固炮 #私訊報名約會唷  #可無套
#可內射 #跟隨私訊告訴我","反差佳佳@Kamagraph9ety·Apr 3"
Vincentdionese,2025-04-05,2025-04-05T11:01:31.000Z,"自己摸真的好癢呀 
有沒有哥哥或者弟弟願意幫我舔小穴的呀 
想要找個長期固定的喔 
不看臉 醜點也沒事的喔 
只要和我一樣性慾強就好啦 
私訊我喔

#愛愛追蹤  #找固炮  #私訊報名約會唷  #跟隨私訊告訴我  #轉推跟隨優先蜜你",sent by user,"自己摸真的好癢呀 
有沒有哥哥或者弟弟願意幫我舔小穴的呀 
想要找個長期固定的喔 
不看臉 醜點也沒事的喔 
只要和我一樣性慾強就好啦 
私訊我喔

#愛愛追蹤  #找固炮  #私訊報名約會唷  #跟隨私訊告訴我  #轉推跟隨優先蜜你","桃桃水多多@Banausic8cwx·Apr 5"
Vincentdionese,2025-04-06,2025-04-06T10:17:22.000Z,"感覺玩這個時間長啦
內心也越來約變態了喔
平常的愛愛方式感覺都滿足不了我了呀
昨天晚上自己體驗了一下爆菊真的好舒服喔
被爆菊得到感覺真爽呀  感覺我已經離開不了這裡了 這裡的哥哥真的太會玩啦 好愛 好喜歡喔 
好想要被開發喔 有沒有哥哥想要調教我呀 

#肛交  #爆菊 #找固炮  #想要被調教 #私訊",sent by user,"感覺玩這個時間長啦
內心也越來約變態了喔
平常的愛愛方式感覺都滿足不了我了呀
昨天晚上自己體驗了一下爆菊真的好舒服喔
被爆菊得到感覺真爽呀  感覺我已經離開不了這裡了 這裡的哥哥真的太會玩啦 好愛 好喜歡喔 
好想要被開發喔 有沒有哥哥想要調教我呀 

#肛交  #爆菊 #找固炮  #想要被調教 #私訊","安妮@DumafKibeaf15·Apr 6"
Vincentdionese,2025-04-07,2025-04-07T13:31:58.000Z,"今天不穿內衣出門 
有想摸的嗎 
不大不小 摸起來還是Q彈的
有沒有哥哥想要摸呀

#找固炮 #愛愛 #可無套 #可內射 #跟隨我報名密我  #私訊告訴我",sent by user,"今天不穿內衣出門 
有想摸的嗎 
不大不小 摸起來還是Q彈的
有沒有哥哥想要摸呀

#找固炮 #愛愛 #可無套 #可內射 #跟隨我報名密我  #私訊告訴我","郁郁想要噴水水@Feeble8h50·2h"
nada_kamiliya,2025-03-25,2025-03-25T07:16:23.000Z,"其實我很乖的  
有人要約嗎
#追蹤私訊優先回復",sent by user,"其實我很乖的  
有人要約嗎
#追蹤私訊優先回復","穎穎@DanyEnfadosa·Mar 25"
nada_kamiliya,2025-03-25,2025-03-25T07:16:23.000Z,"其實我很乖的  
有人要約嗎
#追蹤私訊優先回復",sent by user,"其實我很乖的  
有人要約嗎
#追蹤私訊優先回復","穎穎@DanyEnfadosa·Mar 25"
nada_kamiliya,2025-03-25,2025-03-25T07:16:23.000Z,"其實我很乖的  
有人要約嗎
#追蹤私訊優先回復",sent by user,"其實我很乖的  
有人要約嗎
#追蹤私訊優先回復","穎穎@DanyEnfadosa·Mar 25"
nada_kamiliya,2025-03-26,2025-03-26T09:06:46.000Z,"Let’s get closer than ever. Are you ready?  https://pic.x.com/bGKV4E2Tbi",sent by me,"Let’s get closer than ever. Are you ready?  https://pic.x.com/bGKV4E2Tbi","Yessica Doll @yessicadoll·Mar 26"
nada_kamiliya,2025-03-26,2025-03-26T19:27:44.000Z,"Wataa https://pic.x.com/i8Jo98tDph",sent by me,"Wataa https://pic.x.com/i8Jo98tDph","Karen@Karen_tsgirl·Mar 27"
nada_kamiliya,2025-03-30,2025-03-30T07:54:06.000Z,"我會約～但不直約  
但會約的一定各方面都優質～  
再三強調人品、個性、頻率很重要！！  
長得帥又如何跩個臉到底誰會喜歡  
阿沒聊過就直接問時間地點約嗎 
我欠你的？？？？
#追蹤私訊優先回復",sent by user,"我會約～但不直約  
但會約的一定各方面都優質～  
再三強調人品、個性、頻率很重要！！  
長得帥又如何跩個臉到底誰會喜歡  
阿沒聊過就直接問時間地點約嗎 
我欠你的？？？？
#追蹤私訊優先回復","緹娜@DanielCPagano·Mar 30"
nada_kamiliya,2025-04-06,2025-04-06T09:46:14.000Z,"有人有時間約嗎     
想找人壞壞     
不是援交！！！
#追蹤私訊",sent by user,"有人有時間約嗎     
想找人壞壞     
不是援交！！！
#追蹤私訊","瑤瑤@LissaHenri28854·Apr 6"
StoneHearthhh,2025-04-03,null,"Done  RTxRT or Refresh  !! NO FAKE
    (I always check)
    
    Send me your link
    Managed by @OrcaSocials_
    International Marketing Company
    More than 4 Millions users on our network",sent by me,,
StoneHearthhh,2025-04-03,2025-04-03T06:22:09.000Z,"TW反差89妹被外流
#更多資源：https://t.me/xiaoaizfj",sent by user,"TW反差89妹被外流
#更多資源：https://t.me/xiaoaizfj","Donut挑選TW免費精品資源（TWZp）@AndiBratto475b·Apr 3"
StoneHearthhh,2025-03-19,2025-03-19T06:17:23.000Z,"台灣大奶妹被外流ZP
影片刺激無限
#免費觀看更多資源點擊：https://t.me/etuhjuartj",sent by user,"台灣大奶妹被外流ZP
影片刺激無限
#免費觀看更多資源點擊：https://t.me/etuhjuartj","Donut精品挑選TWzp總站入口@CarstenTri19456·Mar 19"
StoneHearthhh,2025-04-04,2025-04-04T08:21:13.000Z,"北一女生在家裡自慰
還發給她男生同學看
被那個男生爆了出來
#更多免費資源：https://t.me/etuhjuartj",sent by user,"北一女生在家裡自慰
還發給她男生同學看
被那個男生爆了出來
#更多免費資源：https://t.me/etuhjuartj","Donut精品挑選TWzp總站入口@CarstenTri19456·Apr 4"
StoneHearthhh,2025-04-04,2025-04-04T09:11:00.000Z,"超正台灣咩咩
E奶咩 超正   性慾強 
喜歡自慰愛自拍
#看更多：https://t.me/+FyQ2smPeJ5I3ZWZl…",sent by user,"超正台灣咩咩
E奶咩 超正   性慾強 
喜歡自慰愛自拍
#看更多：https://t.me/+FyQ2smPeJ5I3ZWZl…","Donut挑選TW免費精品資源（TWZp）@AndiBratto475b·Apr 4"
StoneHearthhh,2025-04-04,2025-04-04T09:11:00.000Z,"超正台灣咩咩
E奶咩 超正   性慾強 
喜歡自慰愛自拍
#看更多：https://t.me/+FyQ2smPeJ5I3ZWZl…",sent by user,"超正台灣咩咩
E奶咩 超正   性慾強 
喜歡自慰愛自拍
#看更多：https://t.me/+FyQ2smPeJ5I3ZWZl…","Donut挑選TW免費精品資源（TWZp）@AndiBratto475b·Apr 4"
StoneHearthhh,2025-04-04,2025-04-04T09:11:00.000Z,"超正台灣咩咩
E奶咩 超正   性慾強 
喜歡自慰愛自拍
#看更多：https://t.me/+FyQ2smPeJ5I3ZWZl…",sent by user,"超正台灣咩咩
E奶咩 超正   性慾強 
喜歡自慰愛自拍
#看更多：https://t.me/+FyQ2smPeJ5I3ZWZl…","Donut挑選TW免費精品資源（TWZp）@AndiBratto475b·Apr 4"
kwaschnefs20575,null,null,"https://x.com/ReeseBridg86351/status/1904808611907506453… 寶貝回推一下 如果有漏推提醒我",sent by user,,
kwaschnefs20575,2025-03-27,null,"https://x.com/LeonWhitne24747/status/1905198552416182508…   寶貝回推一下 如果有漏推提醒我",sent by user,,
kwaschnefs20575,2025-03-27,2025-03-27T10:06:38.000Z,"Boy~咪咪
怎麼樣的女生    
在床上才可得到男生的疼愛   
像我這一類型的可以嗎    
我覺得我這樣也很性感啊 

#絲襪 #後入 
#關注 #轉推留言愛心追蹤",sent by user,"Boy~咪咪
怎麼樣的女生    
在床上才可得到男生的疼愛   
像我這一類型的可以嗎    
我覺得我這樣也很性感啊 

#絲襪 #後入 
#關注 #轉推留言愛心追蹤","Boy~咪咪@Elizabe32293433·Mar 27"
kwaschnefs20575,2025-03-27,2025-03-27T16:34:13.000Z,"Will you help mommy cum tonight? 

https://onlyfans.com/stellawilsonx/c23… https://pic.x.com/pV1vuZBVEh",sent by me,"Will you help mommy cum tonight? 

https://onlyfans.com/stellawilsonx/c23… https://pic.x.com/pV1vuZBVEh","Stella@bigStella24·Mar 27"
kwaschnefs20575,2024-12-28,2024-12-28T10:05:07.000Z,"想要口爆我嗎

能堅持十分鐘的來",sent by user,"想要口爆我嗎

能堅持十分鐘的來","檸檬@TiffanyWar45371·Dec 28, 2024"
kwaschnefs20575,2025-03-29,2025-03-29T07:27:55.000Z,"體力超好的健身哥哥
背後插入直接頂到子宮欸 撞擊這G點
被頂到忍不住抽搐 超級爽~
每次都讓我特別容易高潮
這種被塞滿頂到的快感最讓人招架不住了
X上有沒有真人啊   都是有色心沒色膽嗎？
#約會找固炮 #高潮噴水
 #後入小穴 #約會私訊 
#轉推優先回復哦",sent by user,"體力超好的健身哥哥
背後插入直接頂到子宮欸 撞擊這G點
被頂到忍不住抽搐 超級爽~
每次都讓我特別容易高潮
這種被塞滿頂到的快感最讓人招架不住了
X上有沒有真人啊   都是有色心沒色膽嗎？
#約會找固炮 #高潮噴水
 #後入小穴 #約會私訊 
#轉推優先回復哦","甜小妮@Donna5915550273·Mar 29"
kwaschnefs20575,2025-04-01,2025-04-01T13:23:55.000Z,"I’ve heard you’re into girls with a little extra. Do you think you can handle me?  https://pic.x.com/nLKGVlinHV",sent by me,"I’ve heard you’re into girls with a little extra. Do you think you can handle me?  https://pic.x.com/nLKGVlinHV","༒ 𝓥𝓮𝓬𝓴𝔂 ༒@x_vecky·Apr 1"
kwaschnefs20575,2025-04-07,2025-04-07T04:32:13.000Z,"最喜歡口交口爆真的好舒服!  
肉棒的味道和質地都讓人迷戀  
喜歡妹妹舔肉棒的嗎~ 
可以堅持六分鐘以上的追隨我來密你
 想要粗粗的肉棒呢
大叔說喜歡被吃  
可是沒堅持幾分鐘就射出來了  
我還沒有舒服呢真的傷心心
沒有大叔能堅持十分鐘以上呢
#無成年勿擾 #舔肉棒
 #長期固炮 #簡單約愛",sent by user,"最喜歡口交口爆真的好舒服!  
肉棒的味道和質地都讓人迷戀  
喜歡妹妹舔肉棒的嗎~ 
可以堅持六分鐘以上的追隨我來密你
 想要粗粗的肉棒呢
大叔說喜歡被吃  
可是沒堅持幾分鐘就射出來了  
我還沒有舒服呢真的傷心心
沒有大叔能堅持十分鐘以上呢
#無成年勿擾 #舔肉棒
 #長期固炮 #簡單約愛","甜小妮@Donna5915550273·11h"
